timestamp_ms,ax,ay,az,gx,gy,gz
0,-1.7545372,3.2165518,9.107083,-0.31520647,-0.14966199,-0.28619036
17,-1.7928224,3.2847474,9.092128,-0.226631,-0.28863382,-0.22434026
35,-1.6546369,3.3661032,8.578867,-0.2611449,-0.40317106,-0.18997909
53,-1.8143578,3.374478,8.276773,-0.44028112,-0.52580225,-0.22220223
71,-2.1062822,3.487539,9.157332,-0.50640726,-0.7611381,-0.1217149
89,-2.1780667,3.5252259,9.299107,-0.42760566,-1.0685561,0.0018325958
107,-1.0576276,3.3864422,8.516056,-0.8536842,-1.4304937,0.10980303
125,-0.37806597,3.0939198,9.280562,-1.2282972,-1.1702651,-0.03145956
143,-0.4971089,2.7936203,9.703494,-1.3162619,-0.7454083,-0.12140947
161,-1.2442678,2.1774685,10.5015,-1.1145236,-0.44333544,-0.029474247
179,-1.4751751,2.1828525,10.655837,-0.69898254,-0.3987423,0.1656972
197,-1.105484,2.5692933,10.324431,-0.24144448,-0.52763486,0.25518894
215,-0.60059845,2.3108685,9.65145,0.17684549,-0.8135198,0.29260445
233,-0.63828546,2.0841484,10.232906,0.6235407,-0.75854194,0.39171734
251,-0.39541394,2.1541386,11.797812,0.9798279,-0.17806722,0.4266894
268,0.7926225,1.6360924,10.639686,1.2072225,0.10873401,0.39706242
286,1.218545,1.5361922,9.616755,1.4608842,0.40118575,0.16707164
304,-0.17288144,3.8087754,8.457432,1.0158689,-0.5448918,-0.33948836
322,-0.57547385,2.8037899,9.298509,0.5187773,-0.75579304,-0.79198676
340,-0.124426775,2.996412,9.713663,0.23060162,-0.27458394,-0.8900307
358,-0.293719,3.5300117,10.093524,-0.046578474,0.10170906,-0.9117164
376,-0.010169496,3.6891344,11.503495,-0.19181168,0.22983804,-0.86406887
394,-1.3160524,3.0161529,10.653444,0.063682705,0.021227567,-0.59941155
412,-2.2444677,4.4004006,9.587442,0.5161811,-0.48701233,-0.08093964
430,-1.9016958,6.1680984,9.550952,0.7979427,-0.84116143,0.322995
448,0.26620153,4.581059,8.62134,0.56428677,-0.7655669,0.17211129
466,1.375873,5.072784,9.870992,0.011301007,-0.5403103,-0.1742493
484,2.7930222,5.110471,11.706286,-0.086132,-0.24190263,-0.4821254
502,4.7485566,5.2223353,12.614961,0.3043636,-0.27305678,-0.84620106
519,5.6997037,4.3238306,12.475579,0.98547834,-1.052979,-1.3672692
537,5.4179487,4.4404807,12.506686,1.5386169,-2.1931589,-1.7408133
555,6.5778694,5.0793643,14.443676,2.1137464,-3.2882876,-2.1937697
573,7.679166,3.7447674,16.031313,3.035542,-4.049578,-2.8231137
591,7.6396847,3.132803,14.81875,3.7464366,-4.5007024,-3.302643
609,6.710671,2.2528424,12.12862,3.7762163,-4.8058295,-3.6841283
627,4.918447,2.6446671,11.864213,3.55997,-4.3989935,-3.966959
645,3.103491,2.9359934,10.307083,3.212235,-3.9208386,-3.8423424
663,2.5860431,2.5710878,8.316854,3.0912836,-3.9258783,-3.8040106
681,1.3549358,2.475375,7.222735,3.0207286,-4.1980186,-3.7607918
699,0.253041,2.2301106,7.25444,2.821892,-4.1738896,-3.5688274
717,-0.6628119,2.4634109,6.611369,2.479044,-3.8266127,-3.3169982
735,-2.120639,2.6333013,6.477969,2.152231,-3.2743905,-3.015078
753,-3.7334015,3.0406795,5.5651073,1.844813,-2.3587034,-2.6294694
770,-5.9288163,3.394219,3.6819558,1.449736,-1.3981178,-2.165212
788,-8.290532,4.0067816,1.8161523,0.9992228,-0.6406449,-1.4773777
806,-8.497512,5.853442,-0.39361933,0.61422503,-0.5103779,-0.7165449
824,-6.328418,9.305089,-0.09332009,0.44608435,-0.9045387,-0.26465738
842,-4.392026,12.977473,1.6336997,0.6433938,-1.2263119,-0.11301007
860,-2.3892334,15.471992,2.4939194,0.8846856,-1.5004377,0.0061086523
878,1.2029916,17.845074,4.024728,1.1093313,-1.7979292,-0.08735373
896,4.520042,19.90649,6.256633,1.4471397,-1.8161024,-0.58062744
914,5.1332026,20.092531,6.11426,1.7832683,-1.6041322,-1.29198
932,3.6616168,18.328423,4.7401814,1.8854356,-1.5812247,-1.7599027
950,2.3168504,16.921444,4.354937,1.8962784,-1.5250251,-1.9946277
968,1.1276177,15.729219,4.473382,1.9805778,-1.3341297,-2.182316
986,-0.56769717,14.48914,3.4342988,2.076331,-1.1543826,-2.3409884
1004,-2.5268207,13.217354,2.653042,2.0347922,-0.9831876,-2.3886359
1021,-3.906881,12.147762,2.504687,1.9662225,-0.7191411,-2.319608
1039,-4.8006005,11.523834,2.1104696,2.0780108,-0.3987423,-2.144748
1057,-5.005785,11.214561,0.4534399,2.1675026,-0.2003638,-1.9767599
1075,-5.112864,10.718051,-1.6157535,2.0977113,-0.29352075,-1.8385516
1093,-5.285147,10.561321,-3.1692936,1.8075503,-0.55481833,-1.794264
1111,-5.8426747,9.991829,-3.592225,1.4135422,-0.84681195,-1.7220291
1129,-6.6963143,8.753544,-3.2500513,1.0202976,-1.0415252,-1.4416419
1147,-7.39442,7.3136625,-2.6745775,0.63178736,-0.9763154,-0.8350528
1165,-6.611369,6.8374906,-1.3986049,0.25778514,-0.5911648,-0.13072516
1183,-4.415954,7.548757,-1.7180467,-0.01572978,-0.16508633,0.24220806
1201,-3.6161532,6.278168,-3.8536408,-0.25350907,-0.4279111,0.40866885
1219,-1.5984055,7.646863,-4.706682,-0.4072944,-1.01312,0.21197024
1237,-0.6149554,6.3481584,-3.7716868,-0.7244862,-1.366811,-0.12629639
1255,-1.6331015,3.758526,-0.94755775,-0.93370754,-1.2176071,-0.124005646
1272,-3.004787,2.7649066,-0.32542387,-0.7049385,-0.9779953,0.16798794
1290,-2.99043,2.5962126,-2.405385,-0.4092797,-1.2176071,0.49220467
1308,-1.3680964,3.7770705,-4.59063,-0.44119743,-1.6574302,0.49403727
1326,-1.3621143,3.947559,-4.7635117,-0.6953174,-2.0951152,0.28221974
1344,-2.574079,2.204388,-4.2909293,-0.8762862,-2.3516784,0.33017266
1362,-2.7667012,1.0259227,-2.5082762,-0.9468411,-2.3602307,0.6461427
1380,-2.4035904,0.46779683,-2.5555346,-0.86009824,-2.2201898,0.98349303
1398,-0.4432704,0.7429714,-4.298706,-0.6740898,-2.8605292,1.2947289
1416,3.8847475,3.6173496,-2.6913273,-0.31581733,-3.9245038,1.2681563
1434,6.5958157,6.7011,1.1330016,-0.4361578,-3.5056028,0.745561
1452,4.5894337,7.508079,5.136792,-1.7373008,-0.9653198,0.26297748
1470,0.24646074,6.5234327,8.922835,-3.4107661,2.6109908,0.09911288
1488,-3.251248,5.2905307,9.602397,-3.650378,4.669301,0.1908954
1506,-4.6061835,5.070391,7.975278,-2.2307272,4.1954226,0.29917124
1523,-3.2877383,5.9694943,4.88076,-0.08368854,2.2562308,0.1572978
1541,-1.975275,6.706484,1.6875381,1.5428929,0.3746131,-0.23441954
1559,-1.727618,6.5629144,0.44626144,2.0909917,-0.49556443,-0.5493206
1577,-1.7964116,5.688338,1.0785648,1.8904753,-0.24465153,-0.6009387
1595,-0.96550393,4.811368,2.0075781,1.4604261,0.623388,-0.4821254
1613,0.7573284,4.6552362,2.528017,1.178359,1.5396858,-0.45463645
1631,1.7665013,4.4392843,1.5337993,1.2154691,2.009594,-0.66538495
1649,1.3645071,3.6454654,-0.1369891,1.485777,1.8956676,-0.8912524
1667,-0.047258247,3.4043884,-1.6109679,1.7278323,1.4796684,-1.0516045
1685,-1.8544376,3.446861,-2.1445673,1.9543107,1.3141239,-0.8958339
1703,-3.324827,2.9132617,-4.0767717,2.0613647,0.98624194,-0.60063326
1721,-2.8468606,4.2281175,-5.220541,1.6052011,0.73929965,-0.4841107
1739,-4.008576,5.271388,-3.3637104,1.0465649,0.6560693,-0.345597
1757,-5.0685964,6.09093,-1.9734805,1.0555751,0.93767816,-0.20280726
1774,-4.703093,6.3810596,-4.2448673,1.2606732,0.8555168,-0.14004086
1792,-3.6275191,7.359724,-5.873781,1.0726794,0.3266602,-0.31642818
1810,-3.5294135,6.75434,-4.2891345,0.56779927,-0.026267206,-0.5627596
1828,-5.40419,6.2775702,-0.038285162,0.41493022,0.11453723,-0.376293
1846,-6.38764,6.3110695,0.6329016,0.8248208,0.44822237,0.025198191
1864,-5.474778,7.597212,-2.632703,1.0858129,0.52305335,0.24190263
1882,-4.838886,8.896515,-5.5369916,0.7493789,0.37995818,0.17241672
1900,-4.8825545,9.072387,-4.9848475,0.13072516,0.1826487,0.06383542
1918,-5.708677,8.209774,-2.2067807,-0.15607607,0.12186762,0.1919644
1936,-5.9353967,6.8602223,0.2015953,-0.041691553,0.25518894,0.49480084
1954,-6.402595,6.265008,-0.018544376,0.30757064,0.5010622,0.89843005
1972,-5.6578293,7.4883385,-3.667599,0.63255095,0.41279218,1.1980594
1990,-3.9882371,10.163514,-7.4566336,0.55848354,-0.21533,1.189202
2008,-2.7966115,11.7260275,-7.9316087,0.10277808,-0.8190176,0.82650065
2025,-4.11386,10.43809,-5.0859447,-0.40698898,-0.8410087,0.52732944
2043,-7.167102,8.181061,-1.931606,-0.82711154,-0.17608191,0.7703011
2061,-8.013563,6.7615185,-1.332204,-1.1365148,0.6411031,1.4563028
2079,-5.113462,9.276974,-2.568695,-0.85811293,0.6721045,1.9854648
2097,-2.184049,13.084553,-4.9926243,-0.35521814,0.27947086,1.7267634
2115,-2.5860431,14.626726,-7.128817,-0.3315471,0.116675265,1.0192287
2133,-5.089534,12.692728,-7.8311105,-0.923781,0.35140023,0.70432764
2151,-5.5794644,12.020345,-6.024529,-1.5845845,0.8025242,1.08902
2169,-3.4013975,15.211174,-5.938986,-1.8874209,0.80863285,1.3154984
2187,-1.3298112,18.806988,-5.083552,-1.930945,0.15577064,1.002888
2205,-0.8554341,19.858036,-1.486541,-1.7550159,-0.38545597,0.5563455
2223,-0.6436693,20.385653,2.115255,-1.3281738,-0.4718934,0.31566462
2241,0.40618163,20.89353,4.1868415,-0.677755,-0.39675698,0.10338894
2259,1.3537394,20.566908,4.0301113,0.02107485,-0.42103887,-0.19700404
2276,1.5858432,19.635502,3.0867412,0.5123632,-0.45891252,-0.5519168
2294,1.0594223,18.674187,1.3782659,0.8428413,-0.5329799,-0.9783007
2312,-0.047258247,17.585451,-0.1902294,1.0629056,-0.6965391,-1.4842498
2330,-1.6570296,15.955939,-0.6735796,1.2218832,-0.7855727,-1.8883371
2348,-3.4929228,14.060824,-0.5629115,1.3524556,-0.7641924,-2.0631974
2366,-5.069195,12.854841,-0.52582276,1.4987578,-0.7441866,-2.0723603
2384,-6.079564,12.280564,-0.5724828,1.629483,-0.73823065,-1.994475
2402,-6.5048885,11.759527,-0.43489552,1.5795448,-0.4644103,-1.8767308
2420,-7.204789,10.951351,-0.9194421,1.4391985,0.03191771,-1.7127135
2438,-8.41795,9.754341,-2.533401,1.3338243,0.3575089,-1.413084
2456,-9.0436735,8.83131,-4.8903313,1.1175779,0.27259862,-0.9941832
2474,-9.104092,7.631908,-5.744569,0.77442443,-0.059406646,-0.45982882
2492,-8.117053,7.001399,-5.667999,0.43035457,-0.30863968,0.11499538
2510,-6.11426,7.1581287,-5.5106707,0.10170906,-0.45448375,0.4298964
2527,-4.784449,6.77767,-4.8245287,-0.113926366,-0.45142943,0.49434268
2545,-4.21735,6.0197434,-4.8239303,-0.21074851,-0.5119051,0.5354234
2563,-3.6023946,4.9525447,-6.7441707,-0.34773505,-0.98837996,0.68310004
2581,-2.0111675,5.108078,-6.4552374,-0.79458296,-1.4750868,0.7823657
2599,-1.521237,5.2492547,-4.519444,-1.2092078,-1.3988814,0.68508536
2617,-2.5992036,4.658826,-3.2416766,-1.3672692,-1.1108584,0.61178154
2635,-2.9282167,3.7657046,-4.6875396,-1.3518448,-1.2884675,0.72616607
2653,-1.783251,3.3553355,-4.438686,-1.4695891,-1.8692477,0.8349001
2671,-0.5174479,4.4985065,-1.8065811,-1.4802792,-2.0619757,0.73914695
2689,-0.7746763,5.7517476,-0.04007978,-1.3736832,-1.7880026,0.41584653
2707,-2.6392834,4.9136615,-0.58923256,-1.0230466,-1.5508342,0.2237294
2725,-4.4171505,3.0927234,-1.7455641,-0.6724099,-1.5260941,0.39721513
2743,-4.755735,1.8580267,-3.894917,-0.51007247,-1.7259997,0.8750645
2761,-2.2319052,1.7030915,-6.0801625,-0.8229882,-2.129018,1.381319
2778,0.6939186,3.8697925,-3.1322048,-1.270447,-2.182469,1.4581354
2796,2.1343977,3.8811584,-0.6628119,-1.5413657,-2.1542163,1.2738068
2814,2.9629126,5.474778,4.5302114,-1.4198035,-1.5838208,1.0691669
2832,2.1284158,7.2658057,6.5928245,-1.4595097,-0.19990565,0.76923203
2850,0.20279172,7.7258263,7.109076,-1.9092593,1.357648,0.47891834
2868,-1.4608182,6.7375903,7.4733834,-1.8452712,2.183996,0.38530326
2886,-1.8729819,6.1788664,6.9445696,-0.9579894,1.9465221,0.32696563
2904,-1.2921243,6.1447687,5.515456,0.24495697,1.1273518,0.15286903
2922,-0.9056834,6.859026,4.2329035,1.0491611,0.6068946,-0.1020145
2940,-0.7369894,6.8303123,3.266203,1.2134838,0.6731735,-0.23411411
2958,-0.060418773,6.550352,2.961118,1.0511464,1.2064588,-0.26160303
2976,0.5347959,6.0891356,1.9070797,0.8671232,1.7560849,-0.31108314
2994,0.4229314,5.805586,1.1778669,0.8046622,1.9367483,-0.41263947
3012,-0.5509474,5.684748,0.79800636,1.057255,1.9469802,-0.5309946
3029,-1.3884354,5.5316076,-0.90089774,1.415222,1.7131716,-0.6264423
3047,-1.2299109,5.3353963,-3.1393833,1.4990633,1.261284,-0.7484626
3065,-1.1210374,4.9292145,-3.5712879,1.201572,0.8323039,-0.9130908
3083,-2.7846475,5.2534423,-1.1090733,0.9914343,0.8454375,-0.92057395
3101,-3.7220356,5.832505,0.1585245,1.1330023,1.1192578,-0.79320854
3119,-3.8847475,5.9527445,-1.4985052,1.4544702,1.2738068,-0.7108944
3137,-3.37388,5.5950174,-4.8729835,1.3093897,1.0303769,-0.6372852
3155,-2.556731,5.6524453,-5.1463633,0.6293439,0.70524395,-0.68661255
3173,-4.5714874,5.3940206,-0.57487565,0.30833423,0.6021604,-0.5693264
3191,-4.9142594,6.849455,1.8669999,0.9784534,0.6444628,-0.3915646
3209,-4.0366917,7.323832,-1.2364911,1.6021469,0.61590487,-0.47586402
3227,-3.5467613,6.6406813,-5.048856,1.4240797,0.40882155,-0.5726862
3245,-4.054638,7.055238,-4.7742796,0.7283041,0.23396139,-0.53023106
3263,-6.24108,6.8374906,-1.1557333,0.56428677,0.3388775,-0.36453384
3280,-7.423134,7.5696945,-0.45224348,1.1146764,0.47021353,-0.044898596
3298,-6.2901325,7.8699937,-3.7830527,1.5639677,0.6747007,0.17195857
3316,-4.3728833,9.05803,-7.7976108,1.1753048,0.8156578,0.15118915
3334,-4.5858445,10.353146,-8.835498,0.18509217,0.87598073,0.0013744468
3352,-6.1471615,9.226126,-6.4217377,-0.656222,0.61758476,0.072540246
3370,-6.399006,7.164111,-2.14696,-0.8883508,0.36468655,0.41248676
3388,-5.1696935,6.707082,1.0767702,-0.5172501,0.3979787,0.8000808
3406,-2.946163,8.595617,0.28414768,0.08460484,0.42424592,0.8924741
3424,-2.321038,9.65504,-2.5968108,0.34376442,0.18860464,0.6372852
3442,-3.6664026,9.039486,-4.5684967,0.21945333,-0.3371976,0.54825157
3460,-4.3005004,8.507083,-4.219743,-0.1253801,-0.7493789,0.699288
3478,-3.2147572,8.523832,-2.7684958,-0.23258694,-1.0424415,0.9091202
3496,-1.4697913,9.951151,-1.2376875,-0.030543262,-1.0369438,0.9297369
3514,-2.0051854,11.19841,-1.5284154,0.007330383,-0.7790059,0.7489208
3531,-4.2131624,11.992827,-2.9102705,-0.23762658,-0.6427829,0.6010914
3549,-6.3332033,11.083554,-2.5579274,-0.5177083,-0.6230826,0.72356987
3567,-6.0598235,11.289337,-1.4691931,-0.41493022,-0.150731,1.0410671
3585,-5.332405,12.573685,-3.3314073,-0.29138273,0.89659745,1.1226176
3603,-5.224728,14.060824,-8.209774,-0.5345071,1.6604844,1.108415
3621,-4.094718,16.743177,-10.485947,-1.1496484,1.6323847,0.8857546
3639,-3.5030923,17.83969,-9.24826,-1.6771306,1.0688615,0.50656
3657,-2.7984061,17.870197,-5.115257,-1.6789632,0.4549419,0.19379699
3675,-2.0297117,17.854046,-1.628914,-1.2211196,0.069791354,-0.009315695
3693,-0.9846465,17.995222,0.657428,-0.6052147,-0.08307768,-0.16722436
3711,0.17407785,18.153149,1.0857433,-0.012217305,-0.106901415,-0.37201694
3729,0.71007013,17.916859,-0.05383851,0.35796702,-0.0954477,-0.6597345
3747,0.2883351,17.117655,-1.1503495,0.463494,0.019700404,-1.002888
3765,-1.2406785,15.657435,-1.5786648,0.473726,0.22418754,-1.3028228
3782,-3.3906298,14.084154,-1.5511472,0.64980793,0.301462,-1.4480561
3800,-4.7880383,13.672588,-2.309074,0.9266826,0.150731,-1.5230398
3818,-5.870192,13.044473,-2.6374888,1.0511464,0.06414085,-1.6081028
3836,-7.2640114,11.753545,-2.760719,1.0125091,0.18967366,-1.5734361
3854,-8.615358,10.627722,-3.135196,0.840856,0.36285394,-1.3500122
3872,-9.01795,9.813564,-2.7918258,0.68294734,0.33490688,-1.01312
3890,-8.234301,9.71486,-1.9465612,0.75747293,0.31902438,-0.7612908
3908,-7.030711,9.8727865,-3.6382868,0.87949324,0.10186178,-0.699288
3926,-6.2991056,9.593424,-5.0674,0.8691085,-0.5296202,-0.8173377
3944,-6.069993,8.3174515,-4.5278187,0.8358164,-1.1543826,-0.7903069
3962,-6.1561346,6.9852476,-3.4672,0.6421721,-1.1872166,-0.48395798
3980,-5.3629136,6.7848487,-2.649453,0.33001995,-0.6769914,-0.058643065
3998,-4.5020957,6.8345,-3.2805598,-0.016035212,-0.031612277,0.23304509
4016,-3.534199,7.2586274,-5.445466,-0.31948254,0.089491755,0.3266602
4033,-3.0580273,6.983453,-6.795018,-0.5699373,-0.5693264,0.21746802
4051,-2.8893332,5.9934225,-5.818148,-0.7180721,-1.3831517,0.21548271
4069,-2.5148566,5.0422754,-2.3988047,-0.8147415,-1.53205,0.32055154
4087,-2.876771,4.2221355,-0.7280163,-0.7849618,-0.8865182,0.56489766
4105,-2.2546372,4.9513483,-1.6863418,-0.8167268,-0.3036,0.7145596
4123,-2.0488544,5.663213,-4.706084,-0.904386,-0.32284227,0.5545129
4141,-2.672783,5.3222356,-6.582655,-1.0656544,-1.0433578,0.37797287
4159,-2.6829524,4.9495535,-4.8065825,-1.3526083,-1.7117971,0.36285394
4177,-3.1387851,4.5714874,-1.0169497,-1.4437801,-1.5653422,0.44791695
4195,-4.94417,4.276572,0.43070808,-1.2395983,-0.83108217,0.6107125
4213,-6.5479593,3.00718,-2.5519454,-1.0024298,-0.48838675,0.95737857
4231,-6.1184473,2.8378878,-6.74776,-0.9271407,-1.122923,1.2663237
4249,-4.156333,2.6243281,-8.743972,-0.903317,-2.7264442,1.5092953
4267,0.2015953,2.408376,-5.3473606,-0.75716746,-4.2769732,1.6458237
4284,4.730012,3.4707892,1.2903296,-0.46960264,-4.344168,1.664455
4302,6.62094,6.5539412,5.8672013,-0.6427829,-2.4362833,1.4059063
4320,5.4233327,9.14477,7.0043902,-1.5205963,0.41722095,0.9137017
4338,2.193022,8.987442,6.3535423,-2.3423629,2.7154486,0.3987423
4356,-0.56111693,8.094321,5.4149575,-2.1197023,3.2340734,0.06383542
4374,-2.373082,6.8656063,4.322634,-0.93508196,2.2817345,-0.17623462
4392,-2.9982069,6.5718875,2.830111,0.44409904,0.8035932,-0.33261612
4410,-2.9940193,7.135397,1.6576279,1.323745,-0.3089451,-0.47128254
4428,-2.243271,7.518847,1.3429717,1.5248724,-0.7115053,-0.5737552
4446,-0.8679964,7.411768,2.2277179,1.3961325,-0.46181414,-0.7118107
4464,-0.3475575,6.5760746,3.2303107,1.2904528,0.35216382,-0.8906415
4482,-0.9798609,5.3946185,1.6618153,1.2719742,1.1395692,-0.93554014
4500,-1.1395818,5.0069814,-0.6969096,1.2147056,1.4083499,-0.8546005
4518,-0.26021945,5.279763,-2.0344975,1.0616838,1.2585351,-0.8730792
4536,-0.034695927,5.561518,-0.8219346,0.9492846,1.3562735,-1.0366384
4553,-1.2598212,4.9639106,-0.42951167,0.9625709,1.871233,-1.1545353
4571,-3.2087753,4.562515,-1.8335004,1.0178542,2.4616342,-1.0386237
4589,-3.807579,4.412365,-5.433502,0.9274462,2.3307564,-0.8167268
4607,-2.8701909,5.331807,-6.6215386,0.70249504,1.5314392,-0.7787005
4625,-2.0542383,6.1447687,-4.554738,0.5184719,0.787558,-0.9476047
4643,-2.5579274,5.758926,-0.87996054,0.5222898,0.81183994,-1.040609
4661,-3.8386858,4.995017,-0.21296121,0.61712664,1.451874,-0.9575313
4679,-5.233701,4.4656053,-2.254039,0.65133506,1.7753271,-0.70707655
4697,-5.2307105,5.0530434,-4.3686957,0.6750061,1.4735597,-0.4830417
4715,-4.8125644,6.4845495,-4.7892346,0.5366451,0.8544478,-0.47616947
4733,-5.3964133,6.945766,-2.4293132,0.4699081,0.56596667,-0.5345071
4751,-6.7633133,6.802795,-1.2155539,0.7359399,0.79275036,-0.50793445
4769,-8.359924,5.736194,-3.5976088,0.99036527,1.1392636,-0.30115658
4787,-8.347362,5.6709895,-7.995617,0.8539896,0.99112886,0.07437284
4804,-7.6683984,7.3340015,-9.849456,0.3080288,0.4260785,0.34773505
4822,-7.0343003,9.23809,-8.496913,-0.47907108,-0.1133155,0.4578435
4840,-6.4013987,8.630911,-4.345964,-1.207986,-0.15577064,0.50518554
4858,-5.7984076,6.7609205,0.034097724,-1.4871514,0.39187005,0.69134676
4876,-5.152345,5.710471,0.85902333,-1.2104294,0.81077087,1.043816
4894,-3.5144582,7.7461653,-1.4913267,-0.62949663,0.42653665,1.1745411
4912,-3.1543384,9.683155,-2.9210382,-0.18188512,-0.45142943,0.97402465
4930,-4.5475593,9.4737835,-2.8408787,-0.1459968,-0.9589057,0.86299986
4948,-5.901299,8.406584,-2.1637099,-0.5360342,-0.6792821,1.065349
4966,-6.02094,8.143971,-1.6468602,-1.135293,-0.114689946,1.5044084
4984,-4.35075,8.778668,-1.0097711,-1.5183055,0.24465153,1.8555032
5002,-2.6668007,10.555339,0.09451649,-1.4767667,0.31337386,1.9208658
5020,-2.2534406,12.472588,-0.6227321,-1.0861185,0.0012217305,1.7154623
5038,-2.2588246,13.710276,-1.5780666,-0.6262896,-0.45356745,1.4781412
5055,-1.7946169,15.327824,-2.5489542,-0.51068336,-0.38240165,1.1899655
5073,-2.4987051,16.223337,-3.4917264,-0.9460775,0.4540256,0.90209526
5091,-3.906881,15.777076,-4.31067,-1.6629279,1.4753923,0.8761335
5109,-3.4486556,16.542181,-3.528217,-1.7540996,1.7296649,0.9842566
5127,-1.7036897,18.575481,-2.882155,-1.1169671,1.1800389,0.7987063
5145,-0.6723832,20.087149,-2.6889346,-0.38347065,0.30970868,0.3538437
5163,-0.31585258,20.163717,-1.5553347,0.009162978,-0.3565926,-0.07376198
5181,-0.24705894,18.742382,0.4534399,0.13225232,-0.46517387,-0.35811976
5199,-0.61016977,16.62593,1.7060826,0.23380867,-0.2264783,-0.46089783
5217,-1.1042876,14.871991,1.8664017,0.48426342,-0.08200866,-0.46074513
5235,-1.80359,13.707883,1.0055838,0.86452705,-0.116675265,-0.4202753
5253,-1.8664017,14.435899,-0.23389842,1.127199,-0.26450464,-0.5300783
5271,-2.3688943,14.605191,-0.08673982,1.2536482,-0.18982637,-0.795652
5289,-2.9682965,14.207384,-0.2853441,1.3255776,0.19517145,-1.0882565
5306,-4.2508492,12.93859,-1.3992031,1.3605496,0.54351735,-1.2457069
5324,-5.575277,11.557932,-2.6368906,1.328021,0.6093381,-1.1363621
5342,-5.9671016,10.742578,-2.9922247,1.260215,0.516792,-0.8900307
5360,-5.7577295,10.224531,-3.1292138,1.2438743,0.42302418,-0.66859204
5378,-5.3156557,9.856635,-4.1790648,1.1780536,0.29932398,-0.50732356
5396,-4.70728,10.2520485,-5.6075797,0.88361657,0.004581489,-0.46196684
5414,-4.1694937,9.877572,-4.8233323,0.57818395,-0.26893342,-0.49877146
5432,-3.932006,8.86122,-3.772285,0.45677447,-0.2950479,-0.50533825
5450,-4.458427,7.9567337,-4.0067816,0.46883908,-0.34300083,-0.37614027
5468,-5.0273204,7.103094,-4.1204405,0.5007568,-0.45799622,-0.087659165
5486,-4.558327,6.948757,-5.197211,0.34009922,-0.55970526,0.2958115
5504,-2.6739793,7.699505,-6.0747786,-0.12705997,-0.72066826,0.41691554
5522,-1.1772687,8.10808,-5.617749,-0.59941155,-0.88132584,0.22571471
5540,-1.3184453,7.140183,-3.6933217,-0.8410087,-0.914618,0.01786781
5557,-2.4634109,6.0640106,-1.50688,-0.80741113,-0.5804747,0.058184914
5575,-2.99043,5.669195,-2.8995028,-0.66889745,-0.50671273,0.31795537
5593,-2.6482565,5.649454,-4.9363933,-0.70631295,-1.0270172,0.5045747
5611,-1.7001005,5.851648,-4.127021,-0.7643451,-1.5517504,0.5900958
5629,-0.6029913,7.1007013,-3.1645079,-0.86819226,-1.6705637,0.42531493
5647,-0.79740816,7.036095,-2.292324,-0.9240864,-1.5406022,0.18005253
5665,-2.3742783,5.805586,-2.2534406,-0.8200866,-1.3836098,0.14874569
5683,-3.6394832,5.0386863,-2.7397819,-0.72173727,-1.3515394,0.3631594
5701,-4.127021,4.42732,-5.4023952,-0.77304995,-1.6875153,0.6921103
5719,-2.8085756,4.627121,-6.498308,-0.9636399,-2.6209173,0.9219484
5737,-0.9559326,5.602196,-4.753342,-0.9034697,-3.566995,0.7432703
5755,-1.2867404,4.0217366,-4.1174498,-0.66966105,-4.1082215,0.6760751
5773,-0.45224348,2.8863423,-3.1974092,-0.5375614,-4.5701885,0.9999864
5791,2.6470602,4.1294136,0.18185452,-0.47418416,-4.3114867,1.2461652
5808,4.3854456,6.7381887,3.3690944,-0.80924374,-2.6070201,1.1716396
5826,3.6311083,8.673384,4.331009,-2.0071504,-0.11789699,0.86574876
5844,1.8203398,8.892327,6.6257257,-3.0098858,1.9903517,0.47998735
5862,-0.52342993,7.629515,7.780861,-2.7765353,2.7467556,0.14859296
5880,-2.777469,5.8630137,7.128817,-1.4153748,2.10214,-0.02687807
5898,-3.4893336,5.279165,4.4632125,0.20799962,0.70432764,-0.047647487
5916,-2.894119,6.2715883,1.9806589,1.3214543,-0.5720753,-0.10170906
5934,-1.8532411,7.374081,1.1694921,1.7380643,-1.1523973,-0.2133447
5952,-0.7477571,7.795816,1.3495519,1.6339118,-0.8775079,-0.32528573
5970,0.27218357,7.856833,1.5738791,1.3005321,-0.09666943,-0.38637227
5988,1.0749756,7.9513497,0.8877372,0.9975429,0.70829827,-0.4793765
6006,1.1575279,7.785647,-0.11365908,0.8145888,1.1745411,-0.63209283
6024,0.9128618,6.7878394,-0.79920274,0.7079928,1.3762794,-0.7509061
6042,0.49830532,6.2309103,-1.2999009,0.66645396,1.4100296,-0.8217665
6059,-0.29192436,5.6470613,-1.6157535,0.62690043,1.4175128,-0.8414669
6077,-1.3896317,5.6374903,-1.6941184,0.6033822,1.4347697,-0.7863363
6095,-1.8771694,5.595616,-1.7174485,0.63514715,1.4526376,-0.68798697
6113,-1.6677973,6.0957155,-2.5208387,0.6097962,1.3878858,-0.66721755
6131,-1.8173488,6.242874,-2.7314072,0.43188173,1.2133311,-0.7466301
6149,-3.1573296,6.268597,-1.7599211,0.39629883,0.97158116,-0.74464476
6167,-4.2705903,5.953343,-0.58624154,0.6273586,0.68691796,-0.66813385
6185,-4.508078,6.0454664,-1.079163,1.0064005,0.41370848,-0.5025894
6203,-3.863212,6.1214385,-2.989832,1.0302242,0.11178834,-0.37904188
6221,-3.3547373,6.771688,-3.2961133,0.65179324,0.024129177,-0.29352075
6239,-3.8733816,7.7437725,-1.9884356,0.24572055,0.09040806,-0.30298916
6257,-5.245067,7.7796645,-0.08793623,0.3578143,0.10827587,-0.29932398
6275,-6.052047,6.6891356,-0.33080772,0.77304995,-0.046883907,-0.17134771
6293,-4.9896336,6.302695,-1.9064814,0.91156363,-0.15515977,0.0571159
6362,-3.6867416,9.65145,0.34217364,-0.09239337,0.15806139,0.33490688
6380,-4.4979086,9.232706,0.465404,0.22693644,0.028863383,0.3115413
6398,-4.488337,9.005388,-1.1832508,0.6702719,-0.19746219,0.3324634
6416,-4.119244,8.96471,-3.4893336,0.8585711,-0.4129449,0.37415496
6434,-4.286144,9.413962,-5.17747,0.6078109,-0.57528234,0.44501534
6452,-4.282554,9.91167,-4.3794637,0.04260785,-0.6186538,0.58459806
6470,-4.438088,10.028319,-1.262214,-0.5696318,-0.32055154,0.73273283
6488,-4.3262234,9.340384,1.1282159,-0.8388707,0.22342396,0.9166033
6505,-3.8344984,9.006584,0.75194454,-0.7031059,0.6096435,1.1255192
6523,-2.4041886,10.219746,-1.7347964,-0.29336804,0.39095375,1.2539536
6541,-1.1970096,11.662618,-4.3483567,0.15317446,-0.4202753,1.1844677
6559,-1.2352947,12.733406,-4.8382874,0.20066923,-1.1855367,0.95432425
6577,-2.469393,12.380465,-3.8500516,-0.3306308,-1.1695015,0.7910705
6595,-3.522235,11.550155,-2.027319,-1.3154984,-0.3051272,0.9053023
6613,-2.879762,12.424133,-0.19920248,-1.9927951,0.70112056,1.1343768
6631,-3.78724,14.673387,-2.8725836,-1.4834863,0.3016147,0.8379544
6649,-3.9493537,15.471992,-2.804388,-1.3422236,-0.25320363,0.7460192
6666,-3.1082766,17.255241,-0.5066802,-1.318858,-0.311694,0.5723807
6685,-2.8929226,18.573689,1.4536397,-1.2910637,0.22831088,0.35140023
6703,-2.8642087,18.981066,2.82712,-0.9995282,0.5684101,0.19333886
6721,-1.884946,18.788443,3.5988052,-0.32559118,0.3538437,0.024892759
6739,-0.14596218,18.257236,4.1964126,0.5209153,-0.17211129,-0.25518894
6756,1.3669,17.804396,4.134199,1.2664764,-0.5175556,-0.7620544
6774,1.0450653,16.533209,2.9138598,1.5877914,-0.49678615,-1.2290609
6792,-0.32243285,15.007784,1.451247,1.5413657,-0.24327709,-1.4718798
6810,-1.7401803,13.933406,0.6891329,1.4760032,0.01282817,-1.5916094
6828,-3.4570305,13.04208,-0.036490545,1.5357152,0.15195273,-1.6276505
6846,-5.020142,12.1250305,-0.97806627,1.6114625,0.14309518,-1.5121969
6864,-4.7569313,12.297314,-1.5278172,1.651016,0.16783522,-1.4816537
6882,-4.6893344,12.167503,-2.5316064,1.58321,0.29703322,-1.6630806
6900,-5.9192452,11.297712,-3.3852458,1.3355042,0.4541783,-1.6931658
6918,-6.835098,10.430912,-3.6664026,1.01312,0.5681047,-1.4966198
6936,-7.429714,9.5048895,-3.3003006,0.8552113,0.5725334,-1.1475104
6954,-8.033304,8.779864,-3.1746774,0.8503244,0.5487097,-0.691194
6972,-7.5475607,8.623733,-4.0815573,0.8032878,0.45341474,-0.23243423
6990,-5.3982077,9.634701,-4.7395835,0.5523749,0.31245756,-0.085673854
7007,-3.438486,10.5284195,-5.5507503,0.25121832,-0.055741455,-0.35811976
7025,-3.4420755,9.598808,-5.023731,0.09483683,-0.73884153,-0.70157874
7043,-4.7976093,7.413563,-2.9629126,0.13164146,-1.1088731,-0.7124216
7061,-6.4815583,5.5866427,-2.2755744,0.1863139,-0.9593639,-0.25992316
7079,-6.9003024,4.4578285,-3.2763724,0.029321533,-0.69913524,0.51343226
7097,-3.6059837,5.9156556,-4.4859443,-0.30482176,-0.6769914,0.9972375
7115,-0.46241298,7.95793,-4.4751763,-0.7060075,-0.7415904,0.6927212
7133,-0.87158567,7.1706915,-4.4350967,-0.91446525,-1.0219775,0.2041817
7151,-2.4729822,5.6685967,-2.7714868,-0.9263771,-1.299463,0.062308256
7169,-4.0498524,4.7988057,-1.7688942,-0.84650654,-1.1902709,0.2771801
7187,-4.282554,4.1330028,-3.121437,-0.9049969,-1.1879802,0.6704246
7205,-3.1561332,4.779663,-3.1052856,-1.1108584,-1.2139419,0.9282097
7223,-1.6474584,5.8713884,-2.489732,-1.3089315,-1.0929906,0.8153524
7241,-1.9507487,5.1649075,-2.6063821,-1.4566082,-1.067487,0.6966918
7258,-2.8773692,4.287938,-1.9818554,-1.5296066,-1.1000156,0.754724
7276,-4.2077785,4.1928234,-0.6837491,-1.5135714,-0.9439395,0.8801041
7294,-6.2979093,2.894119,-1.1413764,-1.3455834,-0.73807794,1.1530081
7312,-6.818348,1.1994023,-3.3194432,-1.0560333,-1.1632402,1.6716328
7330,-3.53719,1.8185452,-4.69412,-0.5160284,-2.5352435,2.1310034
7348,1.5188441,3.8339,-3.4666018,0.17394388,-3.9742892,2.21851
7366,6.7441707,7.1856465,-0.42951167,0.4390594,-4.21665,1.8987219
7384,8.427522,10.491331,3.8901315,-0.23579398,-2.2573,1.2342533
7402,5.9838514,10.97169,6.1064835,-1.8127426,1.0235047,0.5664248
7420,2.617748,9.475577,7.251449,-2.826779,3.7027597,0.22296582
7438,-0.30508488,7.960921,5.9844494,-2.5216517,4.4661884,-0.08231409
7456,-2.6829524,6.364908,4.137789,-1.1972959,3.3609805,-0.28496864
7474,-3.4630125,5.802595,2.8193433,0.18463401,1.6476563,-0.35506544
7492,-2.4107687,6.422934,3.1244283,0.99189246,0.5902485,-0.45158213
7509,-0.95413804,6.4181485,3.8691943,1.2400564,0.50701815,-0.58246
7527,0.52582276,6.128617,3.6646078,1.3023647,0.870483,-0.70616025
7545,1.6091732,5.7517476,2.8402805,1.363604,1.2530373,-0.89736104
7563,1.6097715,5.1900325,1.7204394,1.4885259,1.5053247,-1.093296
7581,0.4444668,4.8095737,-0.29671,1.6024523,1.6136005,-1.208597
7599,-0.6053841,4.5798626,-2.356332,1.4315627,1.6300939,-1.2124147
7617,-1.0163515,4.453641,-2.9509485,1.0535898,1.602605,-1.2018774
7635,-1.881955,4.226323,-1.6121643,0.8323039,1.6077974,-1.1247556
7653,-2.3922246,4.71087,-1.0624132,0.9427178,1.6698002,-1.0784826
7671,-3.8877387,4.753342,-2.1457636,1.1687379,1.6736181,-0.9460775
7689,-3.6993039,5.393422,-5.047061,1.1117748,1.3828462,-0.7819075
7707,-2.7583263,5.6536417,-6.0658054,0.61468315,0.8885035,-0.77686787
7725,-3.4307094,4.915456,-2.239682,0.20723604,0.78694713,-0.7431176
7743,-4.9902315,5.415556,0.96550393,0.5572618,1.2441798,-0.5571091
7760,-6.1854467,5.7696934,-1.2430713,1.0734429,1.5654949,-0.36758816
7778,-6.452246,5.715855,-5.6644096,1.1478158,1.2644911,-0.07544186
7796,-4.8119664,6.862615,-7.576873,0.59421915,0.70478576,0.10048734
7814,-4.473382,8.206185,-3.8440695,-0.078343466,0.605062,0.080634214
7832,-6.4869423,8.323434,-0.26620153,0.115453534,0.98440933,0.12339478
7850,-7.239485,7.57448,-2.251646,0.59773165,1.1472049,0.31444287
7868,-6.5318074,7.1802626,-6.201598,0.6960809,0.860251,0.6426302
7886,-4.371089,8.608778,-8.412566,0.29520062,0.31764993,0.82787514
7904,-2.57707,10.018748,-8.212168,-0.4644103,-0.26282477,0.6609562
7922,-3.3338,10.33819,-3.0664022,-1.116509,-0.42256603,0.54641896
7940,-4.0145583,9.518648,3.2871401,-1.2243266,0.14431691,0.6711882
7958,-3.976273,9.160921,4.375276,-0.548557,0.72127914,0.8938486
7976,-3.3463624,9.700503,-0.05503492,0.3089451,0.36453384,1.0157162
7994,-1.783251,11.114063,-5.425127,0.84681195,-0.9109528,0.8072584
8011,-1.6073786,11.704492,-6.2051873,0.8304713,-2.0098994,0.45830166
8029,-2.9240294,10.515259,-4.0187454,0.29764408,-1.636508,0.50243664
8047,-4.4368916,10.095319,-3.4163525,-0.8888089,0.022907447,0.84849185
8065,-5.866005,9.308679,-3.5700915,-2.2602015,1.5370897,1.2177598
8083,-4.9172506,9.764511,-2.5842485,-2.5595255,1.6870571,1.568702
8101,-2.5106692,12.17528,-3.856632,-1.609019,0.29764408,1.412015
8119,-1.7066808,13.760525,-5.4107704,-0.6036876,-1.5022703,0.99128157
8137,-2.2295125,14.094922,-4.476971,-0.85918194,-1.6620116,0.7667886
8155,-3.07717,13.935799,-1.9722841,-2.4869852,0.10048734,0.82558435
8173,-3.5006995,14.314464,1.6139588,-3.7081048,2.0916026,0.97295564
8191,-3.4139597,16.088142,2.8528428,-3.2534683,2.2687535,0.90667677
8209,-3.2069805,17.915064,2.7972097,-1.605812,0.7814494,0.6281222
8227,-2.2211375,19.108484,3.4612179,0.10934488,-0.9129381,0.34193182
8245,-0.5371887,19.607985,3.385844,1.1675162,-1.5157094,0.08628472
8262,1.1557333,19.576878,2.0434706,1.4138476,-1.2493721,-0.23884831
8280,1.5164514,18.58326,0.77587277,1.1572843,-0.6569856,-0.6415612
8298,0.57607204,16.893328,0.6125626,0.8414669,-0.08689558,-0.9779953
8316,-1.250848,14.996418,0.5491528,0.7156286,0.29245174,-1.1646146
8334,-3.8171504,13.171292,-0.22671995,0.8498663,0.24098633,-1.1163563
8352,-5.5579286,11.953345,-0.88295156,1.1746938,-0.3199407,-0.82879144
8370,-2.6063821,13.629518,-0.4031906,1.4637859,-0.86284715,-0.87674433
8388,-0.30149564,14.966507,-0.21894327,1.6418531,-1.0079277,-1.6279559
8406,-2.461018,13.424932,-0.5665008,1.5192219,-0.75823647,-2.17804
8424,-5.703293,11.615359,-0.7465607,1.161713,-0.25259277,-2.1039727
8442,-7.5786676,10.418948,-1.0241281,0.8597928,0.08689558,-1.5925257
8460,-8.213962,9.48455,-0.7752745,0.7787005,0.09636399,-0.98837996
8478,-8.244471,8.703294,-0.5210371,0.91232723,-0.023365596,-0.31688634
8496,-5.441877,10.118051,-0.7830512,0.9999864,-0.018325957,-0.04260785
8513,-3.12383,11.428121,-1.7856439,0.95722586,0.032070424,-0.38713586
8531,-4.253242,9.646665,-2.8115666,0.9947941,-0.20952678,-0.7199047
8549,-5.9874406,7.618747,-3.4672,1.1450669,-0.7104363,-0.6253733
8567,-6.6652074,6.1830535,-4.2628136,1.2298244,-1.2504412,-0.17165314
8585,-5.857032,5.6650076,-4.4548373,1.0483974,-1.500285,0.3231477
8603,-3.0556345,7.039086,-4.7862434,0.5821546,-1.3468051,0.5196936
8621,-1.6965113,7.4739814,-4.855037,-0.040927973,-1.0667235,0.24755314
8639,-2.818147,5.649454,-4.214359,-0.34101552,-1.0503827,0.11866058
8657,-4.0797625,4.1228333,-3.866203,-0.2519819,-1.3710871,0.3559817
8675,-3.760919,3.510869,-3.6915271,-0.12782355,-1.7220291,0.7527387
8693,-2.2797618,4.128217,-3.7453656,-0.24709499,-1.666135,0.98899084
8711,-0.36490545,5.421538,-4.0031924,-0.6426302,-1.4824172,0.88193667
8729,-0.09212367,5.8857455,-3.37388,-1.0749701,-1.3158038,0.636827
8747,-1.2430713,5.180461,-2.0410776,-1.3235923,-1.196685,0.5523749
8764,-2.6446671,4.532604,-0.2745764,-1.2884675,-1.081995,0.70738196
8782,-3.0029924,3.9104705,-0.005383851,-1.1192578,-0.93126404,0.9914343
8800,-2.1816561,5.5274205,0.7196414,-1.0199922,-0.6618725,1.0740538
8818,-3.6077783,5.506483,-0.05682954,-0.86101454,-0.28084528,0.95630956
8836,-5.517849,3.906881,-3.266203,-0.70906186,-0.6986771,1.1548407
8854,-4.5014977,3.5479577,-4.1407795,-0.3051272,-2.0205896,1.4737124
8872,-1.2035898,4.3387856,-2.9018958,0.41599923,-3.4040465,1.5749633
8890,2.4107687,5.9001026,-1.4297116,1.0926852,-4.164421,1.4842498
8908,4.8825545,9.108877,0.57846487,1.105666,-3.4281757,1.1530081
8926,3.81057,10.77847,1.5678971,-0.3268129,-0.84406304,0.7602218
8944,1.7024933,10.060024,2.9599216,-2.2256875,2.0670152,0.4934264
8962,0.062213387,8.555537,3.9086757,-2.8200593,3.6250272,0.26297748
8980,-1.6731812,7.320243,3.2542388,-1.9949331,3.278819,-0.039553523
8998,-3.0921252,6.2979093,1.9848464,-0.6435465,1.8576412,-0.2312125
9015,-3.2841492,6.5575304,1.6803597,0.40454552,0.63804877,-0.3471242
9033,-2.8109684,7.3046894,1.3555341,0.88208944,0.093767814,-0.410196
9051,-1.4129617,7.554141,1.5290136,0.87949324,0.19517145,-0.4934264
9069,0.123828575,7.368099,1.6576279,0.77488256,0.66156703,-0.61636305
9087,0.9613165,6.8668027,1.160519,0.7156286,1.185384,-0.7817548
9105,1.055833,5.992226,-0.19860429,0.67347896,1.473407,-0.90178984
9123,1.2089736,5.3946185,-1.2580265,0.63514715,1.450805,-1.0053315
9141,0.8578269,5.558527,-0.7292127,0.6478226,1.5221235,-1.1513283
9159,-0.017347964,4.9543395,-0.83688974,0.74220127,1.8209893,-1.2586879
9177,-0.8877372,4.180261,-2.14038,0.70722926,2.058005,-1.2017246
9195,-1.6486548,4.358526,-2.6428726,0.5148067,2.1426098,-1.1230757
9213,-2.9736803,5.4436717,-2.7906294,0.5155703,2.0083723,-1.0387764
9231,-3.2656047,5.939584,-3.1357942,0.7490735,1.5630515,-1.075581
9249,-3.2063823,5.3306108,-3.2745779,0.8579602,1.2056953,-1.0874928
9266,-2.8337002,4.800002,-3.1387851,0.6017023,1.1505647,-0.96761054
9284,-3.3553355,4.7138605,-1.3507484,0.34345898,1.3605496,-0.7661777
9302,-5.165506,6.10768,-0.33080772,0.5823073,1.6018413,-0.57940567
9320,-6.730412,6.61436,-3.2745779,0.93584555,1.5005904,-0.36041048
9338,-6.503692,6.71426,-6.2721863,0.70738196,1.0545062,-0.16218472
9356,-5.035097,7.1617184,-6.142974,0.10995574,0.66981375,-0.052839845
9374,-4.14736,8.565707,-2.9922247,-0.31108314,0.54702985,-0.059101213
9392,-5.035097,8.771489,0.317049,-0.29871312,0.7521278,-0.01038471
9410,-6.3236322,7.876574,0.7405786,0.09590584,1.040609,0.258396
9428,-6.5001025,7.5056863,-2.574079,0.5129741,0.93615097,0.61575216
9446,-4.6845484,9.1465645,-6.645467,0.59498274,0.2648101,0.731053
9464,-2.8743782,11.516655,-7.6737823,0.27458394,-0.57833666,0.45341474
9482,-3.2793634,11.897114,-4.579264,-0.17012598,-0.9569204,0.082161374
9500,-5.267799,9.603594,-0.631107,-0.60139686,-0.2932153,0.1908954
9517,-6.0358953,7.973483,0.6442675,-0.9618073,0.82543164,0.7797695
9535,-3.4019957,9.151948,-0.70348984,-0.8000808,1.2017246,1.157437
9553,-1.2418749,11.146964,-3.799204,-0.38133264,0.5140431,0.84421575
9571,-2.0285153,11.369496,-5.7876396,-0.105832405,-0.8061894,0.4353942
9589,-3.4109688,10.769497,-3.6723845,-0.1910481,-1.4361442,0.34804046
9607,-4.5044885,9.835099,-0.6197411,-0.6597345,-0.62980205,0.57757306
9625,-5.211568,9.02154,-0.43429732,-1.4619533,0.84039783,0.96791595
9643,-4.066004,9.5665045,-1.4889339,-1.9052887,1.4781412,1.195616
9661,-2.423331,10.656436,-3.2015967,-1.6872098,0.7136433,1.0079277
9679,-1.989632,10.9172535,-3.3355947,-1.063211,-0.8481864,0.5914703
9697,-3.6550367,10.449456,-1.5810575,-0.70921457,-1.6195564,0.42287147
9715,-4.9663033,9.794421,-0.5300102,-1.0667235,-0.99097615,0.8379544
9733,-4.1844487,10.947762,0.15672988,-1.9782871,0.5213735,1.3585643
9751,-1.986641,14.089538,-0.8650054,-2.3793201,1.3214543,1.3675746
9768,-1.9471594,16.447664,-2.4915266,-2.1007655,0.7386888,0.8723156
9786,-3.1609187,17.371893,-1.0235299,-1.6606371,-0.05513059,0.53221637
9804,-3.4043884,18.228523,1.5876378,-1.2910637,-0.055436023,0.49357912
9822,-2.2761726,19.424934,3.1896327,-0.7846564,0.1947133,0.43997568
9840,-0.17766708,19.917856,3.7980077,-0.063682705,0.22739458,0.18005253
9858,1.6654046,20.093729,3.4205399,0.71929383,0.012980887,-0.32986724
9876,1.6007984,19.132412,2.1140587,1.2899947,-0.3846924,-0.8762862
9894,0.80757767,17.707485,1.346561,1.5370897,-0.634689,-1.2869403
9912,-0.7040881,15.791433,1.2520444,1.6071864,-0.61666846,-1.536937
9930,-3.2626138,13.690535,0.8386843,1.6980526,-0.5664248,-1.5096008
9948,-5.17089,12.272787,0.5096712,1.8538233,-0.5991061,-1.2745703
9966,-3.3906298,13.508082,-0.071186475,2.090839,-0.65576386,-1.3228287
9984,-2.0422742,14.279169,-1.6660028,2.1927009,-0.69913524,-1.8796324
10002,-3.4797623,12.888341,-2.5842485,1.8781052,-0.56382865,-2.341141
10019,-6.0376897,10.911869,-2.3467607,1.3455834,-0.27290404,-2.3017402
10037,-7.85444,9.329616,-1.1964114,1.0089967,0.03191771,-1.8872682
10055,-8.787642,8.219944,-0.19142582,1.0638218,0.16523905,-1.3012956
10073,-7.865806,7.6737823,-0.064008005,1.2330315,0.4503604,-0.762818
10091,-5.690132,8.622537,-1.7838492,1.1071932,0.88315845,-0.66721755
10109,-5.6787663,8.526823,-4.286144,0.7848091,0.9961685,-0.76831573
10127,-6.3110695,7.9555373,-6.0574307,0.4578435,0.5209153,-0.7475463
10145,-6.5030937,7.0893354,-6.068198,0.15958855,-0.3184135,-0.547488
10163,-6.024529,6.2374907,-3.3326037,0.048563786,-0.8933904,-0.25320363
10181,-5.706882,5.5854464,-1.6707884,0.14767668,-0.89858276,0.12110403
10199,-4.1401815,6.2733827,-2.5040889,0.17165314,-0.81397796,0.3921755
10217,-2.614757,7.262815,-3.5988052,0.01863139,-0.85994554,0.33108896
10235,-2.0183458,7.5750785,-4.5003014,-0.2602286,-1.1099422,0.12293663
10253,-2.3952155,6.8195443,-3.3164523,-0.50335294,-1.3570372,-0.00870483
10270,-3.938586,5.608178,-1.6007984,-0.4859433,-1.3177891,0.12721269
10288,-5.1140604,4.5062833,-1.5828521,-0.34574974,-1.195616,0.5899431
10306,-3.778865,4.8029933,-2.6099713,-0.3275765,-1.1175779,1.041678
10324,-1.5224334,6.5365934,-3.165106,-0.48609602,-1.102001,0.99097615
10342,-1.2317054,6.6155562,-3.6227336,-0.6647741,-1.294118,0.6556111
10360,-2.1421745,5.185845,-2.373082,-0.7367035,-1.6517797,0.5342017
10378,-3.3062828,4.3591247,-0.24945176,-0.5710063,-1.5262468,0.59941155
10396,-4.478766,3.495914,0.3182454,-0.2929099,-1.2279918,0.86849767
10414,-6.0454664,3.0059834,-1.3896317,0.08659015,-1.0034989,1.2522738
10432,-6.1788664,2.9509485,-5.051847,0.23991732,-1.3492486,1.6998852
10450,-4.4895334,3.874578,-6.02752,0.15943582,-1.806634,1.8651243
10468,-3.2620156,3.225525,-6.8279195,-0.045356743,-2.2094996,1.892155
10486,-0.9637093,3.14716,-5.2899327,-0.3184135,-2.3704627,2.0265455
10504,0.6658029,4.923831,-1.8017955,-1.0303769,-1.4705054,2.0477731
10521,1.6426728,6.820741,1.9842482,-2.3701572,0.5320636,1.9431623
10539,2.6039891,8.678768,6.067002,-3.5999815,2.733011,1.5760323
10557,2.4131618,9.186645,8.55793,-3.73819,3.9816196,0.8854492
10575,0.053240303,7.735996,8.447262,-2.6241243,3.765068,0.24755314
10593,-2.5932214,5.878567,5.941977,-0.92011577,2.402533,-0.029474247
10611,-3.2285159,5.615955,3.760321,0.57879484,0.83199847,-0.09911288
10629,-2.3982065,6.378667,2.6853452,1.5092953,-0.18310685,-0.18509217
10647,-0.5563313,7.2448688,2.2827528,1.8090774,-0.37950003,-0.33078352
10665,1.3016955,7.6289167,2.161317,1.7179058,0.1479821,-0.56596667
10683,1.9639091,7.09113,0.97866446,1.4724907,0.91232723,-0.79427755
10701,1.9884356,6.3798633,-0.43489552,1.2475395,1.3852897,-0.9418015
10719,1.7306089,6.1698933,-1.1874382,1.1415545,1.5338826,-1.0506883
10737,1.451247,5.6327047,-1.783251,1.0974194,1.5398386,-1.1614076
10755,0.7908279,4.6546383,-2.4448664,0.97784257,1.6129897,-1.2081387
10772,-0.46181476,4.359723,-2.9796624,0.80970186,1.7959439,-1.1800389
10790,-2.0003998,4.338187,-3.4612179,0.6094908,1.9741638,-1.0322095
10808,-2.2199411,4.362714,-3.6059837,0.39553526,2.0131063,-0.79305583
10826,-1.5326029,4.634897,-2.9449666,0.35506544,1.8144225,-0.67103547
10844,-1.3172488,5.469394,-2.4418755,0.6411031,1.5752687,-0.63453627
10862,-2.382055,6.7908306,-3.501896,0.8978192,1.3600914,-0.762818
10880,-4.262215,6.1387863,-5.17089,0.871552,0.9932669,-0.7133379
10898,-3.964309,5.569893,-5.331807,0.5513059,0.6780604,-0.5207626
10916,-2.8983064,5.529215,-4.2311087,0.20631973,0.52946746,-0.4063781
10934,-3.6227336,6.8105717,-1.4811572,0.116217114,0.6423248,-0.29031372
10952,-5.4143596,7.989635,-1.3046865,0.3923282,0.86009824,-0.14004086
10970,-6.611967,8.136793,-4.2502513,0.52595496,0.6046039,0.0067195175
10988,-6.409774,7.564909,-5.977271,0.36651915,-0.06658431,0.17104226
11006,-4.9926243,8.052446,-5.2624154,0.06093381,-0.63316184,0.23991732
11023,-3.5048869,8.991031,-2.9575288,-0.17241672,-0.87781334,0.1947133
11041,-3.8548372,9.598808,-0.13339986,-0.18020524,-0.7796168,0.06337727
11059,-6.406184,8.56152,0.62452674,-0.03436117,-0.46395215,0.28145617
11077,-8.048857,8.103293,-1.2526426,0.032986723,-0.42623124,0.7835874
11095,-6.198607,8.977272,-2.4107687,0.14828753,-0.92164296,1.1400273
11113,-3.4402807,10.492527,-2.172683,0.41157046,-1.4627168,1.0913107
11131,-2.4825535,10.915459,-1.7617157,0.42424592,-1.3881912,0.96669424
11149,-3.144767,10.673185,-2.0015962,-0.122478485,-0.43936482,1.0285443
11167,-4.4572306,9.957133,-3.2991042,-1.1539245,0.67347896,1.3159565
11185,-4.4985065,10.086944,-3.7328033,-1.7670804,0.893085,1.6186402
11203,-3.1770704,10.853246,-4.4410787,-1.6820174,-0.08857546,1.6126842
11221,-1.7946169,11.799606,-3.4983068,-1.1711814,-1.3495541,1.259146
11292,-2.612364,15.283556,-0.13758731,-3.6247218,1.410946,1.7537941
11310,-1.5894325,19.071394,0.92662054,-3.051272,0.75625116,1.3063353
11328,-2.7559335,20.791834,3.2063823,-1.8428277,-0.53130007,0.65408397
11346,-2.6566312,21.699312,6.166902,-0.88025683,-0.9828822,0.4082107
11364,-0.026919255,22.59722,7.52782,-0.23151793,-0.4578435,0.31612277
11382,2.3688943,22.322044,6.373283,0.48166725,0.107359566,-0.05299256
11403,2.4819553,19.761126,1.8143578,1.6274977,-0.35094208,-1.3249667
11420,1.3447664,17.79303,1.847259,1.7718146,-0.6721045,-1.7261524
11438,-0.8757731,15.241084,1.8604196,1.8454239,-0.78038037,-2.0005836
11456,-2.89711,13.4022,1.3112668,1.892766,-0.7134906,-2.0331123
11474,-4.570291,11.773286,0.5521438,1.993406,-0.75716746,-1.8903224
11492,-4.125226,11.867204,0.2835495,2.0602958,-0.75243324,-1.8312213
11510,-3.0592237,12.628719,-0.40857446,2.0024164,-0.49021935,-2.17972
11528,-4.9674997,11.606984,-1.7533408,1.7342464,-0.11056661,-2.5254695
11546,-7.3256264,10.357333,-2.5465615,1.2289082,0.27916542,-2.4193318
11564,-8.538788,9.241081,-2.349752,0.7341073,0.5203045,-1.9949331
11582,-9.561121,8.188239,-1.3710874,0.52610767,0.6443101,-1.4437801
11599,-9.797412,7.6073813,-0.63828546,0.61162883,0.7360926,-0.8361218
11617,-7.8012,8.344969,-1.4452649,0.70814556,0.8918633,-0.45234573
11635,-5.444868,8.922835,-3.44387,0.5543602,0.9584476,-0.47494772
11653,-5.157729,8.514859,-4.6953163,0.2751948,0.5685628,-0.5946773
11671,-6.157929,7.3250284,-4.1090746,0.1470658,-0.09483683,-0.54993147
11689,-7.457232,5.796015,-2.5806592,0.22617286,-0.50488013,-0.20891592
11707,-6.903293,5.261817,-3.2590244,0.24495697,-0.42180246,0.37186423
11725,-4.1635113,6.026922,-5.7894344,-0.2264783,-0.39064834,0.699288
11743,-1.8095721,6.4498534,-5.2534423,-0.84803367,-0.60231316,0.6059783
11761,-2.1864417,5.864808,-3.1208389,-1.073901,-0.77686787,0.3303254
11779,-3.4127634,4.1635113,-2.352743,-0.94913185,-0.88712907,0.31597003
11797,-3.2679975,3.3840494,-2.2438695,-0.819323,-0.9450085,0.5526803
11815,-2.4323041,3.3439696,-2.7349963,-0.8579602,-0.9859365,0.8034405
11833,-2.0219352,3.7938204,-2.9958138,-0.95004815,-1.0592403,0.9245446
11850,-1.268196,4.215555,-2.8378878,-1.0522153,-1.315651,0.90392786
11868,-2.0093727,4.9429736,-0.6131608,-1.0122037,-1.1394165,0.6565274
11886,-5.419145,2.9772696,-1.9902302,-0.7493789,-0.7338019,0.6203337
11904,-7.1431737,0.7106683,-5.3563333,-0.50717086,-0.93218035,1.0893254
11922,-5.2456656,0.67118675,-7.602596,-0.49327368,-1.9222403,1.7223345
11940,-0.34217364,2.4598217,-5.578866,-0.4897612,-3.271947,1.9491183
11958,4.104289,3.9194436,-0.8566305,-0.21945333,-4.1195226,1.7823521
11976,6.7842503,6.643074,4.471587,0.17379116,-3.755447,1.4546229
11994,6.4360948,9.8727865,6.486344,-0.22036964,-1.6788104,1.0326678
12012,4.325625,10.829317,7.309475,-1.7379116,1.3049608,0.47128254
12030,1.707279,9.177671,7.5110703,-2.4923303,3.375336,-0.04627304
12048,-1.1240284,6.8285174,6.062814,-1.8102992,3.6511416,-0.48090366
12066,-3.6287155,4.847859,3.0622149,-0.34468073,2.5341744,-0.6293439
12084,-4.432704,4.8568316,1.0366904,0.8585711,1.1238394,-0.59849524
12101,-3.4079776,5.439484,0.86859465,1.328021,0.4689918,-0.5900958
12119,-1.7186449,6.0484576,1.3094722,1.2988522,0.6421721,-0.6743952
12137,-0.48215377,5.879165,1.0827522,1.2241739,1.0363328,-0.8153524
12155,0.13938192,5.291727,0.3493521,1.1986703,1.3724614,-0.96486163
12173,-0.09810573,4.386642,-0.38524446,1.163851,1.6650659,-1.0277808
12191,-0.5479564,3.9577286,-0.9409775,1.1345295,1.9391917,-0.9970848
12209,-1.1970096,3.8554354,-1.9363917,1.0925325,2.2078197,-0.9233228
12227,-1.2317054,4.0331025,-3.3020952,1.0158689,2.2774584,-0.84467393
12245,-1.1006985,4.0881376,-4.167699,0.86666507,2.1311562,-0.86315256
12263,-1.4937196,3.8464625,-3.8207395,0.72021013,1.9665279,-0.8516989
12281,-2.2671995,4.2969112,-3.1609187,0.63423085,1.9868392,-0.7806858
12299,-3.8273199,4.6492543,-3.4606197,0.6516405,2.1276436,-0.61254513
12317,-4.484748,4.718646,-5.796015,0.56199604,1.9984456,-0.40469822
12335,-3.9134614,4.746762,-6.669993,0.26313022,1.4559973,-0.30558532
12352,-3.4528432,5.331807,-4.575675,-0.041233405,1.0015136,-0.26816985
12370,-3.4564323,6.128617,-1.6283158,-0.2078469,0.9810496,-0.20647246
12388,-5.119444,5.97428,0.17288144,-0.14401148,1.4304937,-0.03436117
12406,-5.7559347,5.7403817,-2.3802602,-0.03176499,1.7612772,0.34009922
12424,-5.244469,6.355935,-5.3826547,-0.04062254,1.3906348,0.6571383
12442,-3.4767714,8.384451,-6.0825553,-0.17654006,0.6204864,0.7405214
12460,-2.1966112,9.912866,-4.5541396,-0.39064834,0.09758572,0.55924714
12478,-2.5381866,9.232108,-3.0095727,-0.70952,0.17516561,0.44944412
12496,-3.6197424,8.295917,-2.452045,-1.188591,0.70906186,0.6404922
12514,-4.009773,8.316854,-3.249453,-1.6368134,1.0691669,1.0392345
12532,-2.7732813,10.113265,-4.074379,-1.7272215,0.64736444,1.282817
12550,-1.8526429,11.87857,-3.938586,-1.7075211,-0.1695151,1.1896601
12568,-2.8103702,11.858231,-2.562115,-1.9906571,-0.5561928,1.0595458
12586,-4.0755754,11.7158575,0.6753742,-2.6032023,0.010995574,1.264033
12603,-4.618746,12.44208,2.3982065,-3.148705,1.1791227,1.5682437
12621,-5.2079782,13.226925,1.4817554,-3.24232,1.7765489,1.7044667
12639,-5.42752,13.7222395,-0.27517462,-2.8576276,1.3544409,1.6132951
12657,-5.127819,13.914862,-1.5074782,-2.1374176,0.38759398,1.5157094
12675,-4.6289153,13.621741,-1.8825532,-1.8132007,0.09560041,1.5183055
12693,-3.5587256,13.216158,-1.7001005,-2.1035144,0.5664248,1.6798794
12711,-1.8089739,13.213166,-0.61675006,-2.5703683,1.1716396,1.7817413
12729,-0.7076773,13.296317,0.60059845,-2.7977629,1.361924,1.7052304
12747,-0.2853441,12.557533,2.2390838,-2.8154778,1.081995,1.5377005
12765,-0.052043892,11.344971,5.083552,-2.4165828,0.5900958,1.4543175
12783,0.82313097,10.807781,6.6017976,-1.5108224,0.03940081,1.4144585
12801,1.3531412,10.718051,5.8594246,-0.636827,-0.30757064,1.3055718
12819,1.8173488,10.785049,4.5206404,-0.39278635,-0.16752979,1.2455542
12837,2.6739793,11.187044,4.4452662,-0.71944654,0.39064834,1.1604912
12854,2.5435705,10.80838,4.7916274,-1.2341005,1.1983649,1.0694723
12872,2.1505494,10.155139,5.3886366,-1.5859588,1.7487545,1.0612257
12890,2.0386848,9.614362,6.300302,-1.4869987,1.7777706,1.0170907
12908,2.0578275,9.268599,6.385247,-1.0596985,1.490053,0.88178396
12926,1.7036897,9.18126,5.340182,-0.68462723,1.1078042,0.70631295
12944,1.1688938,9.047262,4.3034916,-0.65316767,0.90102625,0.5867361
12962,0.93738824,8.806186,4.191029,-0.91721416,0.91645056,0.6073528
12980,1.082154,8.490333,5.1643095,-1.2548699,1.1093313,0.70616025
12998,1.7670995,8.222935,6.683752,-1.3602442,1.2767084,0.7707592
13016,2.5435705,8.325827,7.417152,-1.1921035,1.4590516,0.69913524
13034,2.400001,8.508878,6.0370917,-0.98899084,1.4436272,0.5001459
13052,1.9812572,8.578867,4.886742,-0.8231409,0.9482156,0.32620203
13070,1.814956,8.456235,5.1008997,-0.66355234,0.38896844,0.20845777
13088,1.791626,8.114061,5.931209,-0.59483004,0.14095716,0.19807306
13105,2.1361923,8.024331,6.6735826,-0.59437186,0.19898935,0.22800545
13123,2.4891338,8.054839,6.9409804,-0.5551238,0.3417791,0.21044308
13141,2.5579274,8.117651,6.5431733,-0.48823404,0.36377025,0.1385137
13159,2.4466612,8.014161,6.294918,-0.3941608,0.20265454,0.049938235
13177,2.4681966,8.017751,6.2679987,-0.26633725,0.0038179078,-0.05100725
13195,1.939981,7.673184,6.370292,-0.1919644,-0.0804815,-0.050549097
13213,1.7688942,7.66122,6.2697935,-0.22220223,0.0012217305,-0.00870483
13231,1.7102699,7.6588273,6.288936,-0.2866485,0.086437434,0.002443461
13249,1.4799608,7.493124,6.3720865,-0.2753475,0.08445212,-0.035430185
13267,1.1521441,7.3064837,6.24108,-0.20433442,-0.0070249503,-0.05497787
13285,0.86141616,7.1976104,6.318846,-0.14477506,-0.07086037,-0.02977968
13303,0.9176475,7.204789,6.4354963,-0.12767084,-0.03924809,0.031612277
13321,1.1814562,7.299904,6.3738813,-0.14523321,-0.005497787,0.087201014
13339,1.541576,7.476374,6.3678994,-0.13057245,-0.031001411,0.08155051
13356,1.599602,7.459625,6.1531434,-0.08628472,-0.0983493,0.034055736
13374,1.463211,7.4069824,6.1567326,-0.06307184,-0.16065755,0.001985312
13392,1.2735798,7.332805,6.2901325,-0.08735373,-0.14737125,0.0062613687
13410,1.1216356,7.1946197,6.5575304,-0.13118331,-0.043218717,0.045662176
13428,1.2029916,7.1934233,6.561718,-0.1601994,0.033750303,0.089491755
13446,1.2227324,7.1509504,6.585646,-0.15027285,0.004581489,0.09132435
13464,0.99003035,6.9056864,6.661618,-0.13271047,-0.036957346,0.09132435
13482,0.9696914,6.8057857,5.424529,-0.037110064,-0.061086524,0.12705997
13500,1.0492527,6.666404,6.350551,-0.10293079,-0.056199603,0.16508633
13518,1.352543,6.617351,6.6358953,-0.20158553,0.08109236,0.21563543
13536,1.2921243,6.5551376,7.536195,-0.28512135,0.30085114,0.26740626
